outcome,coef,se,pval,n_obs
share_single,0.000356716295291354,0.000394278286595895,0.366210614848948,9774
